"community_id","user_id","created_at"
50,74,"1646682573000"
66,18,"1672559828000"
59,84,"1658008511000"
63,87,"1655622781000"
72,26,"1688976708000"
10,63,"1674080992000"
72,82,"1679705872000"
18,97,"1643987018000"
33,76,"1682655072000"
2,84,"1654404508000"
80,84,"1681203590000"
40,62,"1650791943000"
47,81,"1657764684000"
83,34,"1684516582000"
84,68,"1685289643000"
69,10,"1652346648000"
91,4,"1673697490000"
46,88,"1641051153000"
26,86,"1671691535000"
85,10,"1689671491000"
83,9,"1683857767000"
24,64,"1663510018000"
58,6,"1694039669000"
59,74,"1646264133000"
31,87,"1696927740000"
17,45,"1697342521000"
45,95,"1670385604000"
20,67,"1689869395000"
2,96,"1698189778000"
39,83,"1691565684000"
30,75,"1644659948000"
31,67,"1672002596000"
55,82,"1646098561000"
95,69,"1649640233000"
35,9,"1686438696000"
55,56,"1653323920000"
61,50,"1669261112000"
8,18,"1668679458000"
1,41,"1700768710000"
16,74,"1697753213000"
17,48,"1679791720000"
7,99,"1646893324000"
32,2,"1677337650000"
16,64,"1686243852000"
63,74,"1689687320000"
89,63,"1657541410000"
55,54,"1640801747000"
85,37,"1675105446000"
96,97,"1652967829000"
45,87,"1700874043000"
90,18,"1675622575000"
86,80,"1648307604000"
23,88,"1682238841000"
61,12,"1676401367000"
85,34,"1656669708000"
37,40,"1688094827000"
39,40,"1653021183000"
51,99,"1661648383000"
33,9,"1667240440000"
30,89,"1646455347000"
4,69,"1642079786000"
6,10,"1692175749000"
34,12,"1701625182000"
96,40,"1652663368000"
75,1,"1686120756000"
63,17,"1682502553000"
27,31,"1671044687000"
87,75,"1640512708000"
96,86,"1661218724000"
20,1,"1661936008000"
61,83,"1648015235000"
16,1,"1696706263000"
5,26,"1677990551000"
5,80,"1696724662000"
79,27,"1654157905000"
59,36,"1671757236000"
93,45,"1679378356000"
54,93,"1684211582000"
40,32,"1681734637000"
88,73,"1648396685000"
49,24,"1651516836000"
27,67,"1684528717000"
69,96,"1698135543000"
87,54,"1686530580000"
35,75,"1640215747000"
15,46,"1681681493000"
65,11,"1658921358000"
62,40,"1697884984000"
61,57,"1641389453000"
52,60,"1684533262000"
29,100,"1657063538000"
14,53,"1700196276000"
36,83,"1696898419000"
96,60,"1688582199000"
82,30,"1647551342000"
59,87,"1700746816000"
67,27,"1678310491000"
53,30,"1671524144000"
48,22,"1680265822000"
75,5,"1668282272000"
