"id","type_id","signed_on_id","created_at","is_active"
1,1,51,"1654549655000","Yes"
2,2,45,"1642826573000","Yes"
3,2,47,"1657611868000","Yes"
4,2,98,"1646588396000","Yes"
5,1,92,"1662810273000","No"
6,1,90,"1645757874000","No"
7,2,23,"1666799001000","No"
8,1,42,"1667037960000","No"
9,1,63,"1649967285000","Yes"
10,1,90,"1647863216000","Yes"
11,2,5,"1640640891000","Yes"
12,1,49,"1643566708000","No"
13,1,35,"1660867567000","No"
14,1,37,"1662526455000","Yes"
15,2,91,"1657168158000","Yes"
16,1,1,"1641963785000","Yes"
17,1,8,"1668431064000","Yes"
18,1,79,"1645283857000","Yes"
19,1,40,"1643036294000","Yes"
20,2,76,"1668743704000","No"
21,1,55,"1667631348000","Yes"
22,2,98,"1660751410000","No"
23,2,85,"1639598460000","Yes"
24,1,52,"1656719288000","Yes"
25,1,35,"1647659100000","No"
26,1,20,"1647794485000","No"
27,1,21,"1659398062000","No"
28,2,74,"1643410593000","No"
29,2,89,"1648366353000","No"
30,2,30,"1639755222000","Yes"
31,1,62,"1649659176000","Yes"
32,2,31,"1664523857000","Yes"
33,1,10,"1658989765000","Yes"
34,2,21,"1667498550000","No"
35,2,5,"1669187965000","No"
36,1,20,"1659846726000","No"
37,2,63,"1666074171000","Yes"
38,2,29,"1653458259000","Yes"
39,1,27,"1656780145000","Yes"
40,2,6,"1646295718000","Yes"
41,2,27,"1654297969000","No"
42,1,3,"1650938325000","No"
43,1,28,"1650681279000","Yes"
44,1,87,"1666106342000","No"
45,1,76,"1642555017000","Yes"
46,2,29,"1644358767000","No"
47,1,85,"1643386557000","Yes"
48,1,27,"1660077582000","Yes"
49,1,52,"1644992444000","Yes"
50,2,71,"1666278027000","No"
51,2,51,"1653015981000","No"
52,1,82,"1639405604000","No"
53,2,78,"1642014857000","Yes"
54,1,89,"1650602584000","Yes"
55,2,72,"1655398364000","Yes"
56,1,52,"1656664793000","Yes"
57,1,55,"1652897492000","Yes"
58,1,82,"1641924667000","No"
59,2,92,"1660823531000","No"
60,1,82,"1645630915000","No"
61,2,61,"1661094246000","No"
62,1,64,"1666373707000","No"
63,2,99,"1654291083000","No"
64,1,46,"1655095144000","Yes"
65,1,22,"1642932447000","Yes"
66,2,21,"1663304244000","Yes"
67,2,69,"1653160277000","No"
68,1,9,"1670013915000","No"
69,1,60,"1647484969000","Yes"
70,2,33,"1655016314000","No"
71,2,64,"1655545263000","Yes"
72,1,28,"1656006450000","No"
73,2,19,"1651794026000","No"
74,1,58,"1652138495000","Yes"
75,1,96,"1652465072000","Yes"
76,1,26,"1643877649000","No"
77,2,39,"1642959327000","Yes"
78,2,94,"1657145593000","Yes"
79,2,78,"1642986154000","No"
80,1,97,"1650129256000","Yes"
81,1,46,"1664617313000","Yes"
82,2,3,"1640558186000","Yes"
83,2,25,"1657569492000","Yes"
84,2,11,"1668982693000","Yes"
85,1,6,"1644061420000","No"
86,1,42,"1651767877000","No"
87,2,4,"1662384802000","No"
88,2,52,"1660357172000","Yes"
89,1,71,"1640494422000","No"
90,1,51,"1647594634000","No"
91,2,82,"1669147066000","Yes"
92,1,54,"1657965986000","Yes"
93,1,7,"1663319449000","No"
94,1,25,"1641790278000","Yes"
95,1,79,"1664967535000","Yes"
96,1,53,"1656127246000","Yes"
97,1,45,"1646072138000","Yes"
98,1,16,"1656445590000","No"
99,2,21,"1668431308000","Yes"
100,1,24,"1648395643000","Yes"
